{"stat.useItem.351":26,"stat.useItem.355":1,"achievement.buildHoe":2,"stat.craftItem.61":1,"stat.leaveGame":13,"stat.mineBlock.82":147,"stat.craftItem.339":16,"stat.mineBlock.13":390,"stat.mineBlock.18":47,"stat.mineBlock.17":47,"stat.jump":2919,"stat.swimOneCm":78539,"stat.useItem.401":2,"stat.fallOneCm":18301,"achievement.buildWorkBench":67,"stat.craftItem.171":3,"achievement.killCow":2,"stat.craftItem.1":24,"gtpp.start":19,"stat.craftItem.325":1,"achievement.exploreAllBiomes":{"value":0,"progress":["Maple Woods","rwg_riverOasis","Deciduous Forest","Seasonal Forest","rwg_riverWet","rwg_hotDesert","Brushland","rwg_riverIce","rwg_hotPlains","Fen","rwg_riverHot","Chaparral","Lush Desert","Coniferous Forest","rwg_hotForest","Eerie","Temperate Rainforest","rwg_riverCold","Snowy Coniferous Forest","Lush Swamp","Shrubland","Tundra"]},"stat.mineBlock.12":375,"tconstruct.smelteryMaker":8,"stat.craftItem.364":2,"stat.craftItem.366":4,"stat.craftItem.85":4,"stat.craftItem.5":50,"tools":2,"stat.damageTaken":6634,"stat.mineBlock.4":2,"stat.mineBlock.3":177,"stat.mineBlock.1":342,"stat.useItem.54":7,"stat.flyOneCm":15764,"stat.craftItem.351":6,"stat.useItem.50":1,"achievement.buildPickaxe":2,"stat.craftItem.355":1,"stat.entityKilledBy.enderzoo.FallenKnight":2,"stat.damageDealt":4905,"achievement.buildBetterPickaxe":2,"stat.killEntity.Cow":4,"stat.killEntity.Pig":8,"stat.useItem.58":12,"stat.craftItem.263":41,"stat.walkOneCm":1793250,"stat.craftItem.265":122,"stat.mineBlock.175":4,"stat.mineBlock.44":2,"stat.mineBlock.58":11,"stat.useItem.287":1,"tconstruct.beginner":8,"stat.killEntity.enderzoo.FallenKnight":1,"achievement.buildSword":8,"achievement.mineWood":465,"stat.mineBlock.50":2,"stat.useItem.35":1,"stat.mineBlock.53":1,"stat.useItem.38":1,"stat.killEntity.Skeleton":1,"achievement.openInventory":542,"stat.killEntity.Chicken":2,"stat.craftItem.280":62,"stat.mobKills":32,"stat.useItem.380":1,"achievement.killEnemy":4,"stat.killEntity.enderzoo.FallenMount":1,"stat.mineBlock.35":1,"achievement.buildFurnace":2,"stat.craftItem.58":2,"stat.mineBlock.38":1,"stat.deaths":8,"stat.useItem.12":36,"stat.drop":299,"stat.playOneMinute":534884,"stat.useItem.1":1,"stat.killEntity.Sheep":14,"stat.useItem.4":154,"stat.mineBlock.172":8,"stat.craftItem.54":7,"stat.useItem.3":84,"flintpick":2,"stat.mineBlock.32":1,"stat.useItem.13":38,"stat.mineBlock.31":178,"stat.diveOneCm":33979}