{"stat.useItem.355":1,"stat.useItem.61":2,"achievement.buildHoe":2,"stat.craftItem.61":2,"stat.leaveGame":7,"stat.mineBlock.81":4,"stat.mineBlock.86":8,"stat.mineBlock.13":130,"stat.mineBlock.18":32,"stat.mineBlock.17":29,"stat.jump":2733,"stat.swimOneCm":32738,"stat.fallOneCm":24891,"achievement.buildWorkBench":6,"stat.craftItem.171":3,"stat.craftItem.1":25,"gtpp.start":3,"achievement.exploreAllBiomes":{"value":0,"progress":["Maple Woods","Lush Desert","Coniferous Forest","Eerie","rwg_hotForest","Deciduous Forest","rwg_riverCold","Prairie","Shrubland","Tundra","rwg_hotPlains","rwg_riverHot"]},"stat.craftItem.364":2,"stat.craftItem.85":2,"stat.craftItem.5":36,"stat.useItem.338":3,"stat.damageTaken":3354,"stat.mineBlock.4":35,"stat.mineBlock.3":170,"stat.mineBlock.1":737,"stat.mineBlock.6":1,"stat.flyOneCm":25957,"stat.useItem.50":35,"achievement.buildPickaxe":1,"stat.craftItem.355":1,"stat.entityKilledBy.Zombie":1,"stat.damageDealt":658,"achievement.buildBetterPickaxe":1,"stat.killEntity.Cow":3,"stat.craftItem.263":108,"stat.walkOneCm":1230406,"stat.useItem.287":1,"tconstruct.beginner":1,"achievement.mineWood":36,"stat.mineBlock.50":14,"achievement.openInventory":340,"stat.useItem.81":8,"stat.craftItem.280":34,"stat.mobKills":9,"stat.craftItem.393":2,"achievement.buildFurnace":2,"stat.useItem.6":17,"stat.deaths":4,"stat.drop":122,"stat.playOneMinute":426432,"stat.craftItem.50":19,"stat.killEntity.Sheep":1,"stat.mineBlock.172":4,"stat.useItem.4":98,"stat.useItem.3":96,"stat.killEntity.Zombie":1,"flintpick":1,"stat.useItem.13":10,"stat.useItem.391":20,"stat.mineBlock.31":21,"stat.diveOneCm":41973,"stat.useItem.392":37}