{"stat.useItem.355":1,"stat.useItem.61":6,"achievement.buildHoe":2,"stat.craftItem.61":6,"stat.leaveGame":10,"stat.mineBlock.81":9,"stat.mineBlock.86":8,"stat.mineBlock.13":228,"stat.mineBlock.18":62,"stat.mineBlock.17":61,"stat.jump":4576,"stat.swimOneCm":86410,"stat.fallOneCm":41367,"achievement.buildWorkBench":7,"stat.craftItem.171":3,"stat.craftItem.1":25,"gtpp.start":12,"achievement.exploreAllBiomes":{"value":0,"progress":["Maple Woods","Lush Desert","Coniferous Forest","Eerie","rwg_hotForest","Deciduous Forest","rwg_riverCold","Prairie","Shrubland","Tundra","rwg_hotPlains","rwg_riverHot"]},"stat.mineBlock.12":3,"stat.craftItem.364":2,"stat.craftItem.85":2,"stat.craftItem.5":100,"stat.useItem.338":3,"stat.damageTaken":7652,"stat.mineBlock.4":39,"stat.mineBlock.3":300,"stat.mineBlock.1":1567,"stat.mineBlock.6":1,"stat.flyOneCm":30896,"stat.useItem.50":82,"achievement.buildPickaxe":2,"stat.craftItem.355":1,"stat.entityKilledBy.Zombie":1,"stat.damageDealt":664,"achievement.buildBetterPickaxe":2,"stat.killEntity.Cow":3,"stat.craftItem.263":116,"stat.useItem.397":1,"stat.walkOneCm":1944602,"stat.useItem.287":1,"tconstruct.beginner":1,"achievement.mineWood":281,"stat.mineBlock.50":35,"stat.craftItem.320":4,"achievement.openInventory":479,"stat.useItem.81":13,"stat.craftItem.280":72,"stat.killEntity.Spider":1,"stat.mobKills":13,"stat.craftItem.393":44,"achievement.buildFurnace":8,"stat.useItem.383":1,"stat.useItem.6":26,"stat.deaths":6,"stat.drop":195,"stat.mineBlock.39":1,"stat.playOneMinute":680134,"stat.craftItem.50":64,"stat.killEntity.Sheep":1,"stat.mineBlock.172":4,"stat.useItem.4":236,"stat.useItem.3":153,"stat.killEntity.Zombie":1,"flintpick":2,"stat.useItem.13":30,"stat.useItem.391":20,"stat.mineBlock.31":32,"stat.diveOneCm":92809,"stat.useItem.392":37}