{"stat.useItem.355":1,"achievement.buildHoe":2,"stat.leaveGame":5,"stat.mineBlock.13":76,"stat.mineBlock.18":30,"stat.mineBlock.17":23,"stat.jump":446,"stat.swimOneCm":8109,"stat.fallOneCm":1411,"achievement.buildWorkBench":18,"stat.craftItem.171":3,"achievement.killCow":1,"gtpp.start":3,"achievement.exploreAllBiomes":{"value":0,"progress":["Lush Desert","Coniferous Forest","Deciduous Forest","rwg_riverCold","Shrubland","rwg_hotPlains","Fen","rwg_riverHot"]},"stat.mineBlock.12":6,"stat.craftItem.85":2,"stat.craftItem.5":36,"stat.damageTaken":1154,"stat.mineBlock.3":49,"stat.mineBlock.1":20,"stat.useItem.54":2,"stat.flyOneCm":823,"achievement.buildPickaxe":2,"stat.craftItem.355":1,"stat.damageDealt":985,"achievement.buildBetterPickaxe":2,"stat.killEntity.Pig":1,"stat.useItem.58":3,"stat.walkOneCm":315687,"stat.mineBlock.58":2,"achievement.buildSword":4,"achievement.mineWood":45,"achievement.openInventory":89,"stat.killEntity.Chicken":1,"stat.craftItem.280":20,"stat.mobKills":10,"stat.craftItem.58":2,"stat.deaths":1,"stat.drop":40,"stat.playOneMinute":133990,"stat.killEntity.Sheep":8,"stat.craftItem.54":1,"stat.useItem.3":4,"flintpick":2,"stat.mineBlock.32":1,"stat.mineBlock.31":20,"stat.diveOneCm":1607}