{"stat.walkOneCm":327121,"stat.leaveGame":7,"stat.mineBlock.18":6,"stat.jump":477,"stat.swimOneCm":3849,"stat.fallOneCm":7896,"achievement.buildWorkBench":1,"achievement.mineWood":1,"stat.mineBlock.50":1,"achievement.exploreAllBiomes":{"value":0,"progress":["Maple Woods","Lush Desert","Coniferous Forest","Eerie","Deciduous Forest","Shrubland","rwg_hotPlains","Fen","rwg_riverHot"]},"stat.mineBlock.12":4,"achievement.openInventory":38,"stat.killEntity.Chicken":15,"stat.damageTaken":585,"stat.mineBlock.3":54,"stat.mobKills":29,"stat.flyOneCm":20179,"stat.deaths":1,"stat.drop":18,"stat.playOneMinute":61737,"stat.killEntity.Sheep":2,"stat.useItem.3":2,"stat.damageDealt":2570,"stat.killEntity.Cow":4,"stat.killEntity.Pig":5,"stat.mineBlock.32":7,"stat.useItem.13":1,"stat.mineBlock.31":81,"stat.diveOneCm":2291}