{"stat.walkOneCm":100383,"stat.useItem.61":1,"stat.craftItem.61":1,"stat.leaveGame":2,"stat.mineBlock.13":37,"stat.mineBlock.18":19,"stat.mineBlock.17":12,"stat.jump":271,"stat.swimOneCm":1494,"stat.fallOneCm":3768,"achievement.buildWorkBench":3,"achievement.mineWood":15,"achievement.exploreAllBiomes":{"value":0,"progress":["Lush Desert","Coniferous Forest","Eerie","Deciduous Forest","Shrubland","rwg_hotPlains","rwg_riverHot"]},"achievement.openInventory":33,"stat.craftItem.5":16,"stat.craftItem.280":14,"stat.damageTaken":232,"stat.mineBlock.3":16,"stat.mineBlock.1":64,"achievement.buildFurnace":1,"stat.flyOneCm":1010,"stat.useItem.6":6,"stat.deaths":1,"stat.drop":10,"achievement.buildPickaxe":1,"stat.playOneMinute":40683,"stat.mineBlock.172":4,"stat.useItem.3":5,"achievement.buildBetterPickaxe":1,"flintpick":1,"stat.useItem.13":4,"stat.mineBlock.31":4,"stat.diveOneCm":230}