{"stat.useItem.351":26,"stat.useItem.355":1,"stat.craftItem.61":4,"stat.leaveGame":21,"stat.craftItem.336":72,"stat.craftItem.339":16,"stat.mineBlock.13":567,"stat.mineBlock.18":67,"stat.mineBlock.17":52,"stat.swimOneCm":114865,"achievement.buildWorkBench":80,"bronze":32,"gtpp.start":31,"stat.craftItem.325":1,"achievement.exploreAllBiomes":{"value":0,"progress":["Maple Woods","rwg_riverOasis","Deciduous Forest","Seasonal Forest","rwg_riverWet","rwg_hotDesert","Brushland","rwg_riverIce","rwg_hotPlains","Fen","rwg_riverHot","Chaparral","Lush Desert","Coniferous Forest","rwg_hotForest","Eerie","Temperate Rainforest","rwg_riverCold","Snowy Coniferous Forest","Lush Swamp","Shrubland","Tundra"]},"stat.mineBlock.12":375,"tconstruct.smelteryMaker":8,"stat.craftItem.364":2,"alloysmelter":1,"stat.craftItem.366":4,"stat.craftItem.85":4,"stat.mineBlock.4":3,"stat.mineBlock.3":370,"stat.mineBlock.1":1540,"stat.flyOneCm":57487,"stat.craftItem.351":6,"achievement.buildPickaxe":2,"stat.craftItem.355":1,"stat.entityKilledBy.enderzoo.FallenKnight":2,"achievement.buildBetterPickaxe":2,"cleandust":7,"stat.entityKilledBy.Sheep":1,"ic2.acquireResin":72,"stat.mineBlock.175":4,"ic2.acquireRefinedIron":7,"tconstruct.beginner":14,"stat.killEntity.enderzoo.FallenKnight":1,"crushed":132,"achievement.buildSword":8,"achievement.mineWood":916,"achievement.openInventory":1093,"stat.mineBlock.161":15,"stat.craftItem.45":6,"achievement.killEnemy":5,"stat.killEntity.enderzoo.FallenMount":1,"achievement.buildFurnace":8,"stat.craftItem.58":2,"stat.deaths":14,"stat.drop":513,"stat.playOneMinute":895227,"stat.craftItem.50":38,"stat.killEntity.Sheep":16,"stat.mineBlock.172":22,"stat.craftItem.54":35,"stat.diveOneCm":64949,"achievement.buildHoe":2,"stat.mineBlock.82":239,"firststeam":1,"stat.jump":5175,"stat.useItem.401":2,"stat.fallOneCm":43231,"stat.craftItem.171":3,"achievement.killCow":2,"stat.craftItem.1":24,"stat.craftItem.5":50,"tools":6,"stat.damageTaken":7710,"stat.useItem.54":7,"stat.useItem.50":13,"stat.damageDealt":5150,"stat.killEntity.Cow":4,"stat.killEntity.Pig":8,"stat.useItem.58":14,"stat.craftItem.263":121,"stat.useItem.397":2,"stat.walkOneCm":2913060,"stat.craftItem.265":297,"stat.mineBlock.44":2,"stat.mineBlock.58":13,"stat.useItem.287":1,"stat.mineBlock.50":4,"stat.useItem.35":1,"stat.mineBlock.53":1,"stat.useItem.38":2,"stat.killEntity.Skeleton":2,"stat.killEntity.Chicken":2,"stat.craftItem.280":126,"stat.mobKills":35,"stat.useItem.380":4,"stat.useItem.8":2,"stat.mineBlock.35":1,"stat.useItem.383":1,"stat.mineBlock.38":2,"stat.useItem.12":36,"achievement.acquireIron":8,"stat.useItem.1":1,"stat.useItem.4":330,"stat.useItem.3":203,"washing":2,"flintpick":2,"stat.useItem.17":1,"stat.mineBlock.32":1,"stat.useItem.13":121,"stat.mineBlock.31":210}