{"stat.useItem.351":13,"stat.leaveGame":11,"stat.mineBlock.82":310,"stat.mineBlock.13":91,"stat.mineBlock.18":10,"stat.mineBlock.17":17,"stat.jump":1519,"stat.swimOneCm":51409,"stat.fallOneCm":23354,"achievement.buildWorkBench":2,"gtpp.start":1,"achievement.exploreAllBiomes":{"value":0,"progress":["Maple Woods","Lush Desert","Coniferous Forest","Eerie","rwg_riverOasis","Deciduous Forest","rwg_riverCold","rwg_hotDesert","Shrubland","rwg_hotPlains","Fen","rwg_riverHot"]},"stat.mineBlock.12":361,"stat.craftItem.5":6,"stat.damageTaken":1713,"stat.mineBlock.3":138,"stat.useItem.54":8,"stat.flyOneCm":109349,"stat.useItem.50":1,"achievement.buildPickaxe":1,"stat.damageDealt":3418,"achievement.buildBetterPickaxe":1,"stat.killEntity.Cow":4,"stat.killEntity.Pig":5,"stat.useItem.397":1,"stat.craftItem.263":2,"stat.walkOneCm":990304,"stat.craftItem.265":46,"tconstruct.beginner":1,"achievement.mineWood":19,"stat.mineBlock.50":2,"achievement.openInventory":200,"stat.killEntity.Chicken":15,"stat.craftItem.280":6,"stat.mobKills":30,"stat.mineBlock.23":1,"stat.useItem.6":6,"stat.mineBlock.38":3,"stat.deaths":2,"stat.drop":58,"stat.playOneMinute":226302,"stat.craftItem.50":4,"stat.killEntity.Sheep":2,"stat.mineBlock.172":10,"stat.craftItem.54":8,"stat.useItem.3":95,"flintpick":1,"stat.mineBlock.32":7,"stat.useItem.13":3,"stat.useItem.391":18,"stat.mineBlock.31":353,"stat.diveOneCm":82203,"stat.useItem.392":30}