{"stat.useItem.355":1,"stat.useItem.61":6,"achievement.buildHoe":2,"stat.craftItem.61":6,"stat.leaveGame":11,"stat.mineBlock.81":9,"stat.mineBlock.86":8,"stat.mineBlock.13":254,"stat.mineBlock.18":64,"stat.mineBlock.17":63,"stat.jump":4911,"stat.swimOneCm":94872,"stat.fallOneCm":48108,"achievement.buildWorkBench":7,"stat.craftItem.171":3,"stat.craftItem.1":25,"gtpp.start":12,"achievement.exploreAllBiomes":{"value":0,"progress":["Maple Woods","Lush Desert","Coniferous Forest","Eerie","rwg_hotForest","Deciduous Forest","rwg_riverCold","Prairie","Shrubland","Tundra","rwg_hotPlains","rwg_riverHot"]},"stat.mineBlock.12":3,"stat.craftItem.364":2,"stat.craftItem.85":3,"stat.craftItem.5":104,"stat.useItem.338":3,"stat.damageTaken":16072,"stat.mineBlock.4":40,"stat.mineBlock.3":328,"stat.mineBlock.1":1646,"stat.mineBlock.6":1,"stat.flyOneCm":37342,"stat.useItem.50":89,"achievement.buildPickaxe":2,"stat.craftItem.355":1,"stat.entityKilledBy.Zombie":1,"stat.damageDealt":664,"achievement.buildBetterPickaxe":2,"stat.killEntity.Cow":3,"stat.craftItem.263":116,"stat.useItem.397":1,"stat.walkOneCm":2113524,"stat.useItem.287":1,"tconstruct.beginner":1,"achievement.mineWood":482,"stat.mineBlock.50":39,"stat.craftItem.320":4,"stat.useItem.85":1,"achievement.openInventory":502,"stat.useItem.81":13,"stat.craftItem.280":78,"stat.killEntity.Spider":1,"stat.mobKills":13,"stat.craftItem.393":44,"achievement.buildFurnace":8,"stat.useItem.383":1,"stat.useItem.6":26,"stat.deaths":9,"stat.drop":231,"stat.mineBlock.39":1,"stat.playOneMinute":722766,"stat.craftItem.50":64,"stat.killEntity.Sheep":1,"stat.mineBlock.172":4,"stat.useItem.4":247,"stat.useItem.5":2,"stat.useItem.3":178,"stat.killEntity.Zombie":1,"flintpick":2,"stat.useItem.13":30,"stat.useItem.391":20,"stat.mineBlock.31":65,"stat.diveOneCm":102161,"stat.useItem.392":37}