{"stat.useItem.351":6,"stat.useItem.355":1,"achievement.buildHoe":2,"stat.leaveGame":9,"stat.mineBlock.82":45,"stat.craftItem.339":16,"stat.mineBlock.13":174,"stat.mineBlock.18":46,"stat.mineBlock.17":47,"stat.jump":1344,"stat.swimOneCm":31449,"stat.fallOneCm":5600,"achievement.buildWorkBench":32,"stat.craftItem.171":3,"achievement.killCow":1,"gtpp.start":4,"achievement.exploreAllBiomes":{"value":0,"progress":["Lush Desert","Coniferous Forest","rwg_hotForest","Deciduous Forest","rwg_riverCold","Shrubland","rwg_hotPlains","Fen","rwg_riverHot"]},"stat.mineBlock.12":198,"stat.craftItem.364":2,"stat.craftItem.366":4,"stat.craftItem.85":4,"stat.craftItem.5":50,"stat.damageTaken":-2147481892,"stat.mineBlock.3":131,"stat.mineBlock.1":133,"stat.useItem.54":2,"stat.flyOneCm":3002,"stat.useItem.50":1,"achievement.buildPickaxe":2,"stat.craftItem.355":1,"stat.damageDealt":2933,"achievement.buildBetterPickaxe":2,"stat.killEntity.Pig":7,"stat.useItem.58":4,"stat.walkOneCm":808585,"stat.mineBlock.44":2,"stat.mineBlock.58":3,"achievement.buildSword":8,"achievement.mineWood":294,"stat.mineBlock.50":1,"stat.useItem.35":1,"stat.mineBlock.53":1,"achievement.openInventory":255,"stat.killEntity.Chicken":2,"stat.craftItem.280":56,"stat.mobKills":24,"stat.useItem.380":1,"achievement.killEnemy":1,"stat.mineBlock.35":1,"stat.craftItem.58":2,"stat.deaths":2,"stat.useItem.12":32,"stat.drop":90,"stat.playOneMinute":270651,"stat.useItem.1":1,"stat.killEntity.Sheep":14,"stat.useItem.4":112,"stat.mineBlock.172":7,"stat.craftItem.54":2,"stat.useItem.3":63,"flintpick":2,"stat.mineBlock.32":1,"stat.useItem.13":34,"stat.mineBlock.31":63,"stat.diveOneCm":9025}