{"stat.useItem.351":13,"stat.walkOneCm":514459,"stat.leaveGame":9,"stat.mineBlock.18":7,"stat.mineBlock.17":17,"tconstruct.beginner":1,"stat.jump":672,"stat.swimOneCm":4608,"stat.fallOneCm":9431,"achievement.buildWorkBench":2,"achievement.mineWood":19,"stat.mineBlock.50":1,"achievement.exploreAllBiomes":{"value":0,"progress":["Maple Woods","Lush Desert","Coniferous Forest","Eerie","Deciduous Forest","Shrubland","rwg_hotPlains","Fen","rwg_riverHot"]},"stat.mineBlock.12":4,"achievement.openInventory":65,"stat.craftItem.5":4,"stat.killEntity.Chicken":15,"stat.craftItem.280":4,"stat.damageTaken":585,"stat.mineBlock.3":91,"stat.mobKills":29,"stat.useItem.54":4,"stat.flyOneCm":31779,"stat.useItem.6":6,"stat.deaths":1,"stat.drop":23,"achievement.buildPickaxe":1,"stat.playOneMinute":100259,"stat.killEntity.Sheep":2,"stat.mineBlock.172":10,"stat.craftItem.54":4,"stat.useItem.3":18,"stat.damageDealt":2570,"achievement.buildBetterPickaxe":1,"flintpick":1,"stat.killEntity.Cow":4,"stat.killEntity.Pig":5,"stat.mineBlock.32":7,"stat.useItem.13":1,"stat.useItem.391":18,"stat.mineBlock.31":119,"stat.diveOneCm":2291,"stat.useItem.392":28}