{"stat.useItem.355":1,"stat.useItem.61":2,"achievement.buildHoe":2,"stat.craftItem.61":2,"stat.leaveGame":5,"stat.mineBlock.13":49,"stat.mineBlock.18":30,"stat.mineBlock.17":29,"stat.jump":862,"stat.swimOneCm":5953,"stat.fallOneCm":8716,"achievement.buildWorkBench":6,"stat.craftItem.171":3,"stat.craftItem.1":25,"achievement.exploreAllBiomes":{"value":0,"progress":["Lush Desert","Coniferous Forest","Eerie","Deciduous Forest","rwg_riverCold","Shrubland","rwg_hotPlains","rwg_riverHot"]},"stat.craftItem.364":2,"stat.craftItem.85":2,"stat.craftItem.5":34,"stat.damageTaken":463,"stat.mineBlock.3":39,"stat.mineBlock.1":284,"stat.mineBlock.6":1,"stat.flyOneCm":3589,"stat.useItem.50":2,"achievement.buildPickaxe":1,"stat.craftItem.355":1,"stat.damageDealt":220,"achievement.buildBetterPickaxe":1,"stat.walkOneCm":363246,"achievement.mineWood":36,"stat.mineBlock.50":1,"achievement.openInventory":155,"stat.useItem.81":3,"stat.craftItem.280":30,"stat.mobKills":2,"achievement.buildFurnace":2,"stat.useItem.6":16,"stat.deaths":2,"stat.drop":47,"stat.playOneMinute":157194,"stat.killEntity.Sheep":1,"stat.mineBlock.172":4,"stat.useItem.4":2,"stat.useItem.3":25,"flintpick":1,"stat.useItem.13":7,"stat.useItem.391":5,"stat.mineBlock.31":12,"stat.diveOneCm":1830,"stat.useItem.392":7}