{"stat.useItem.351":6,"stat.useItem.355":1,"achievement.buildHoe":2,"stat.craftItem.61":1,"stat.leaveGame":10,"stat.mineBlock.82":147,"stat.craftItem.339":16,"stat.mineBlock.13":386,"stat.mineBlock.18":46,"stat.mineBlock.17":47,"stat.jump":1944,"stat.swimOneCm":60786,"stat.fallOneCm":7032,"achievement.buildWorkBench":58,"stat.craftItem.171":3,"achievement.killCow":1,"stat.craftItem.1":24,"gtpp.start":11,"achievement.exploreAllBiomes":{"value":0,"progress":["Lush Desert","Coniferous Forest","rwg_hotForest","Eerie","Deciduous Forest","rwg_riverCold","Shrubland","rwg_hotPlains","Fen","rwg_riverHot"]},"stat.mineBlock.12":375,"stat.craftItem.364":2,"stat.craftItem.366":4,"stat.craftItem.85":4,"stat.craftItem.5":50,"stat.damageTaken":2373,"stat.mineBlock.4":2,"stat.mineBlock.3":173,"stat.mineBlock.1":334,"stat.useItem.54":3,"stat.flyOneCm":4094,"stat.useItem.50":1,"achievement.buildPickaxe":2,"stat.craftItem.355":1,"stat.damageDealt":3285,"achievement.buildBetterPickaxe":2,"stat.killEntity.Pig":7,"stat.useItem.58":9,"stat.craftItem.263":41,"stat.walkOneCm":1220080,"stat.craftItem.265":122,"stat.mineBlock.44":2,"stat.mineBlock.58":9,"tconstruct.beginner":8,"achievement.buildSword":8,"achievement.mineWood":453,"stat.mineBlock.50":1,"stat.useItem.35":1,"stat.mineBlock.53":1,"stat.useItem.38":1,"stat.killEntity.Skeleton":1,"achievement.openInventory":428,"stat.killEntity.Chicken":2,"stat.craftItem.280":56,"stat.mobKills":25,"stat.useItem.380":1,"achievement.killEnemy":2,"stat.mineBlock.35":1,"achievement.buildFurnace":2,"stat.craftItem.58":2,"stat.mineBlock.38":1,"stat.deaths":5,"stat.useItem.12":36,"stat.drop":207,"stat.playOneMinute":413192,"stat.useItem.1":1,"stat.killEntity.Sheep":14,"stat.useItem.4":154,"stat.mineBlock.172":8,"stat.craftItem.54":3,"stat.useItem.3":84,"flintpick":2,"stat.mineBlock.32":1,"stat.useItem.13":38,"stat.mineBlock.31":85,"stat.diveOneCm":28747}