{"stat.useItem.355":1,"stat.useItem.61":2,"achievement.buildHoe":2,"stat.craftItem.61":2,"stat.leaveGame":6,"stat.mineBlock.86":8,"stat.mineBlock.13":51,"stat.mineBlock.18":32,"stat.mineBlock.17":29,"stat.jump":1954,"stat.swimOneCm":25832,"stat.fallOneCm":19416,"achievement.buildWorkBench":6,"stat.craftItem.171":3,"stat.craftItem.1":25,"gtpp.start":3,"achievement.exploreAllBiomes":{"value":0,"progress":["Maple Woods","Lush Desert","Coniferous Forest","Eerie","Deciduous Forest","rwg_riverCold","Prairie","Shrubland","Tundra","rwg_hotPlains","rwg_riverHot"]},"stat.craftItem.364":2,"stat.craftItem.85":2,"stat.craftItem.5":34,"stat.useItem.338":3,"stat.damageTaken":1949,"stat.mineBlock.4":6,"stat.mineBlock.3":55,"stat.mineBlock.1":472,"stat.mineBlock.6":1,"stat.flyOneCm":20631,"stat.useItem.50":16,"achievement.buildPickaxe":1,"stat.craftItem.355":1,"stat.entityKilledBy.Zombie":1,"stat.damageDealt":648,"achievement.buildBetterPickaxe":1,"stat.killEntity.Cow":3,"stat.craftItem.263":70,"stat.walkOneCm":820946,"tconstruct.beginner":1,"achievement.mineWood":36,"stat.mineBlock.50":5,"achievement.openInventory":253,"stat.useItem.81":3,"stat.craftItem.280":32,"stat.mobKills":9,"achievement.buildFurnace":2,"stat.useItem.6":17,"stat.deaths":4,"stat.drop":110,"stat.playOneMinute":298427,"stat.craftItem.50":4,"stat.killEntity.Sheep":1,"stat.mineBlock.172":4,"stat.useItem.4":25,"stat.useItem.3":39,"stat.killEntity.Zombie":1,"flintpick":1,"stat.useItem.13":7,"stat.useItem.391":20,"stat.mineBlock.31":18,"stat.diveOneCm":40912,"stat.useItem.392":37}