{"stat.useItem.351":26,"stat.useItem.355":1,"stat.craftItem.61":4,"stat.leaveGame":20,"stat.craftItem.336":72,"stat.craftItem.339":16,"stat.mineBlock.13":500,"stat.mineBlock.18":61,"stat.mineBlock.17":52,"stat.swimOneCm":102523,"achievement.buildWorkBench":76,"bronze":32,"gtpp.start":28,"stat.craftItem.325":1,"achievement.exploreAllBiomes":{"value":0,"progress":["Maple Woods","rwg_riverOasis","Deciduous Forest","Seasonal Forest","rwg_riverWet","rwg_hotDesert","Brushland","rwg_riverIce","rwg_hotPlains","Fen","rwg_riverHot","Chaparral","Lush Desert","Coniferous Forest","rwg_hotForest","Eerie","Temperate Rainforest","rwg_riverCold","Snowy Coniferous Forest","Lush Swamp","Shrubland","Tundra"]},"stat.mineBlock.12":375,"tconstruct.smelteryMaker":8,"stat.craftItem.364":2,"alloysmelter":1,"stat.craftItem.366":4,"stat.craftItem.85":4,"stat.mineBlock.4":2,"stat.mineBlock.3":275,"stat.mineBlock.1":619,"stat.flyOneCm":49938,"stat.craftItem.351":6,"achievement.buildPickaxe":2,"stat.craftItem.355":1,"stat.entityKilledBy.enderzoo.FallenKnight":2,"achievement.buildBetterPickaxe":2,"stat.entityKilledBy.Sheep":1,"ic2.acquireResin":72,"stat.mineBlock.175":4,"ic2.acquireRefinedIron":7,"tconstruct.beginner":14,"stat.killEntity.enderzoo.FallenKnight":1,"crushed":102,"achievement.buildSword":8,"achievement.mineWood":910,"achievement.openInventory":967,"stat.mineBlock.161":15,"stat.craftItem.45":6,"achievement.killEnemy":5,"stat.killEntity.enderzoo.FallenMount":1,"achievement.buildFurnace":8,"stat.craftItem.58":2,"stat.deaths":12,"stat.drop":453,"stat.playOneMinute":785468,"stat.craftItem.50":18,"stat.killEntity.Sheep":16,"stat.mineBlock.172":21,"stat.craftItem.54":35,"stat.diveOneCm":55046,"achievement.buildHoe":2,"stat.mineBlock.82":239,"firststeam":1,"stat.jump":4715,"stat.useItem.401":2,"stat.fallOneCm":39219,"stat.craftItem.171":3,"achievement.killCow":2,"stat.craftItem.1":24,"stat.craftItem.5":50,"tools":2,"stat.damageTaken":7432,"stat.useItem.54":7,"stat.useItem.50":9,"stat.damageDealt":5150,"stat.killEntity.Cow":4,"stat.killEntity.Pig":8,"stat.useItem.58":14,"stat.craftItem.263":41,"stat.useItem.397":2,"stat.walkOneCm":2674915,"stat.craftItem.265":297,"stat.mineBlock.44":2,"stat.mineBlock.58":13,"stat.useItem.287":1,"stat.mineBlock.50":3,"stat.useItem.35":1,"stat.mineBlock.53":1,"stat.useItem.38":2,"stat.killEntity.Skeleton":2,"stat.killEntity.Chicken":2,"stat.craftItem.280":126,"stat.mobKills":35,"stat.useItem.380":1,"stat.mineBlock.35":1,"stat.useItem.383":1,"stat.mineBlock.38":2,"stat.useItem.12":36,"achievement.acquireIron":8,"stat.useItem.1":1,"stat.useItem.4":249,"stat.useItem.3":134,"flintpick":2,"stat.useItem.17":1,"stat.mineBlock.32":1,"stat.useItem.13":55,"stat.mineBlock.31":209}