{"stat.useItem.351":13,"stat.leaveGame":10,"stat.mineBlock.82":27,"stat.mineBlock.13":91,"stat.mineBlock.18":9,"stat.mineBlock.17":17,"stat.jump":862,"stat.swimOneCm":12529,"stat.fallOneCm":10908,"achievement.buildWorkBench":2,"gtpp.start":1,"achievement.exploreAllBiomes":{"value":0,"progress":["Maple Woods","Lush Desert","Coniferous Forest","Eerie","Deciduous Forest","Shrubland","rwg_hotPlains","Fen","rwg_riverHot"]},"stat.mineBlock.12":4,"stat.craftItem.5":6,"stat.damageTaken":1173,"stat.mineBlock.3":117,"stat.useItem.54":4,"stat.flyOneCm":43755,"achievement.buildPickaxe":1,"stat.damageDealt":3418,"achievement.buildBetterPickaxe":1,"stat.killEntity.Cow":4,"stat.killEntity.Pig":5,"stat.useItem.397":1,"stat.craftItem.263":2,"stat.walkOneCm":653046,"tconstruct.beginner":1,"achievement.mineWood":19,"stat.mineBlock.50":1,"achievement.openInventory":96,"stat.killEntity.Chicken":15,"stat.craftItem.280":6,"stat.mobKills":30,"stat.useItem.6":6,"stat.deaths":2,"stat.drop":46,"stat.playOneMinute":134326,"stat.craftItem.50":4,"stat.killEntity.Sheep":2,"stat.mineBlock.172":10,"stat.craftItem.54":4,"stat.useItem.3":29,"flintpick":1,"stat.mineBlock.32":7,"stat.useItem.13":3,"stat.useItem.391":18,"stat.mineBlock.31":128,"stat.diveOneCm":13218,"stat.useItem.392":30}