{"stat.useItem.355":1,"stat.useItem.61":2,"achievement.buildHoe":2,"stat.craftItem.61":2,"stat.leaveGame":7,"stat.mineBlock.81":9,"stat.mineBlock.86":8,"stat.mineBlock.13":198,"stat.mineBlock.18":45,"stat.mineBlock.17":47,"stat.jump":3928,"stat.swimOneCm":67431,"stat.fallOneCm":37027,"achievement.buildWorkBench":7,"stat.craftItem.171":3,"stat.craftItem.1":25,"gtpp.start":11,"achievement.exploreAllBiomes":{"value":0,"progress":["Maple Woods","Lush Desert","Coniferous Forest","Eerie","rwg_hotForest","Deciduous Forest","rwg_riverCold","Prairie","Shrubland","Tundra","rwg_hotPlains","rwg_riverHot"]},"stat.mineBlock.12":3,"stat.craftItem.364":2,"stat.craftItem.85":2,"stat.craftItem.5":72,"stat.useItem.338":3,"stat.damageTaken":6754,"stat.mineBlock.4":39,"stat.mineBlock.3":246,"stat.mineBlock.1":1242,"stat.mineBlock.6":1,"stat.flyOneCm":26976,"stat.useItem.50":47,"achievement.buildPickaxe":2,"stat.craftItem.355":1,"stat.entityKilledBy.Zombie":1,"stat.damageDealt":658,"achievement.buildBetterPickaxe":2,"stat.killEntity.Cow":3,"stat.craftItem.263":108,"stat.walkOneCm":1693814,"stat.useItem.287":1,"tconstruct.beginner":1,"achievement.mineWood":55,"stat.mineBlock.50":16,"stat.craftItem.320":4,"achievement.openInventory":411,"stat.useItem.81":13,"stat.craftItem.280":72,"stat.mobKills":9,"stat.craftItem.393":7,"achievement.buildFurnace":2,"stat.useItem.6":26,"stat.deaths":5,"stat.drop":163,"stat.playOneMinute":568643,"stat.craftItem.50":64,"stat.killEntity.Sheep":1,"stat.mineBlock.172":4,"stat.useItem.4":152,"stat.useItem.3":123,"stat.killEntity.Zombie":1,"flintpick":2,"stat.useItem.13":30,"stat.useItem.391":20,"stat.mineBlock.31":25,"stat.diveOneCm":85289,"stat.useItem.392":37}